uri,vmmParameterId
csc:WHPVYXDFIXRKLN-UHFFFAOYSA-N,933|1196
csc:IOVCWXUNBOPUCH-UHFFFAOYSA-M,9|10
csc:ZLMJMSJWJFRBEC-UHFFFAOYSA-N,744|988|1258|1943
csc:NPYPAHLBTDXSSS-UHFFFAOYSA-N,744|988|1258|1943
csc:FKNQFGJONOIPTF-UHFFFAOYSA-N,743|987|1260|1950
csc:JLVVSXFLKOJNIY-UHFFFAOYSA-N,742|986|1259
csc:OYPRJOBELJOOCE-UHFFFAOYSA-N,741|985|1257|1925|2114
csc:WFKWXMTUELFFGS-UHFFFAOYSA-N,680|1980
csc:NHNBFGGVMKEFGY-UHFFFAOYSA-N,6|8
csc:CPELXLSAUQHCOX-UHFFFAOYSA-M,542|1802
csc:JFALSRSLKYAFGM-UHFFFAOYSA-N,523|524|525|1978
csc:HXGDTGSAIMULJN-UHFFFAOYSA-N,511|1420
csc:KRHYYFGTRYWZRS-UHFFFAOYSA-M,5|1328
csc:ZHLICBPIXDOFFG-UHFFFAOYSA-N,445|758
csc:BZTYNSQSZHARAZ-UHFFFAOYSA-N,444|1417
csc:IUTPYMGCWINGEY-UHFFFAOYSA-N,442|1413
csc:HCWZEPKLWVAEOV-UHFFFAOYSA-N,441|1418
csc:LAHWLEDBADHJGA-UHFFFAOYSA-N,440|1412
csc:MVWHGTYKUMDIHL-UHFFFAOYSA-N,438|1415
csc:WBHQEUPUMONIKF-UHFFFAOYSA-N,437|1416
csc:RPUMZMSNLZHIGZ-UHFFFAOYSA-N,436|1414
csc:BBEAQIROQSPTKN-UHFFFAOYSA-N,434|1434
csc:UFWIBTONFRDIAS-UHFFFAOYSA-N,432|1433
csc:SXQBHARYMNFBPS-UHFFFAOYSA-N,431|1432
csc:NIHNNTQXNPWCJQ-UHFFFAOYSA-N,430|1431
csc:GVEPBJHOBDJJJI-UHFFFAOYSA-N,429|1430
csc:YNPNZTXNASCQKK-UHFFFAOYSA-N,428|1429
csc:LHRCREOYAASXPZ-UHFFFAOYSA-N,426|1428
csc:WDECIBYCCFPHNR-UHFFFAOYSA-N,425|1427
csc:HAXBIWFMXWRORI-UHFFFAOYSA-N,424|1426
csc:GYFAGKUZYNFMBN-UHFFFAOYSA-N,423|1425
csc:FTOVXSOBNPWTSH-UHFFFAOYSA-N,422|1424
csc:FMMWHPNWAFZXNH-UHFFFAOYSA-N,421|1423
csc:DXBHBZVCASKNBY-UHFFFAOYSA-N,420|1422
csc:MWPLVEDNUUSJAV-UHFFFAOYSA-N,419|1421
csc:CWRYPZZKDGJXCA-UHFFFAOYSA-N,418|1419
csc:VEXZGXHMUGYJMC-UHFFFAOYSA-M,4|1793|2119
csc:CJJOSEISRRTUQB-UHFFFAOYSA-N,394|1080
csc:UOORRWUZONOOLO-UPHRSURJSA-N,326|895
csc:KFUSEUYYWQURPO-OWOJBTEDSA-N,320|714
csc:RELMFMZEBKVZJC-UHFFFAOYSA-N,314|522
csc:UOCLXMDMGBRAIB-UHFFFAOYSA-N,308|891
csc:OAICVXFJPJFONN-UHFFFAOYSA-N,27|28|29|30|501|503|1261|1780
csc:XFXPMWWXUTWYJX-UHFFFAOYSA-N,26|487|488|527|905|1195
csc:JLYXXMFPNIAWKQ-UHFFFAOYSA-N,246|247|248|249|250|1205
csc:BIWJNBZANLAXMG-UHFFFAOYSA-N,233|532|533
csc:HCHKCACWOHOZIP-UHFFFAOYSA-N,203|204|205|1983
csc:BQCADISMDOOEFD-UHFFFAOYSA-N,200|201|202|1917|1985
csc:LEONUFNNVUYDNQ-UHFFFAOYSA-N,197|198|199|1979
csc:RTAQQCXQSZGOHL-UHFFFAOYSA-N,194|195|196|1975
csc:ATJFFYVFTNAWJD-UHFFFAOYSA-N,191|192|193|1969
csc:BKVIYDNLLOSFOA-UHFFFAOYSA-N,188|189|190|1976
csc:CIOAGBVUUVVLOB-UHFFFAOYSA-N,185|186|187|1970
csc:XUIMIQQOPSSXEZ-UHFFFAOYSA-N,184|1082|1083|1967
csc:BUGBHKTXTAQXES-UHFFFAOYSA-N,181|182|183|1966
csc:PXHVJJICTQNCMI-UHFFFAOYSA-N,178|179|180|1953
csc:ZOKXTWBITQBERF-UHFFFAOYSA-N,175|176|177|1949
csc:PWHULOQIROXLJO-UHFFFAOYSA-N,172|173|174|1947
csc:WABPQHHGFIMREM-UHFFFAOYSA-N,169|170|171|1956
csc:QSHDDOUJBYECFT-UHFFFAOYSA-N,166|167|168|694
csc:RYGMFSIKBFXOCR-UHFFFAOYSA-N,163|164|165|1931
csc:GUTLYIVDDKVIGB-UHFFFAOYSA-N,160|161|162|1928
csc:XEEYBQQBJWHFJM-UHFFFAOYSA-N,157|158|159|1935
csc:JOPOVCBBYLSVDA-UHFFFAOYSA-N,156|1201|2101
csc:VYZAMTAEIAYCRO-UHFFFAOYSA-N,153|154|155|1929
csc:WLZRMCYVCSSEQC-UHFFFAOYSA-N,147|148|149|1926
csc:ZOXJGFHDIHLPTG-UHFFFAOYSA-N,144|145|146|1921|1989
csc:ATBAMAFKBVZNFJ-UHFFFAOYSA-N,141|142|143|1923
csc:DSAJWYNOEDNPEQ-UHFFFAOYSA-N,138|139|140|1922|1990
csc:RQNWIZPPADIBDY-UHFFFAOYSA-N,135|136|137|1919|1987
csc:WUOBERCRSABHOT-UHFFFAOYSA-N,132|133|134|1964
csc:XAGFODPZIPBFFR-UHFFFAOYSA-N,128|129|130|131|1986
csc:OKTJSMMVPCPJKN-UHFFFAOYSA-N,1253|1285
csc:QGZKDVFQNNGYKY-UHFFFAOYSA-O,121|122|2113
csc:NBIIXXVUZAFLBC-UHFFFAOYSA-K,11|12|852
csc:SNGREZUHAYWORS-UHFFFAOYSA-N,1046|2126|2127
csc:YFSUTJLHUFNCNZ-UHFFFAOYSA-N,1044|2132|2133
csc:HUBANNPOLNYSAD-UHFFFAOYSA-N,2148
csc:QRUDEWIWKLJBPS-UHFFFAOYSA-N,2147
csc:OCHOKXCPKDPNQU-UHFFFAOYSA-N,2091
csc:MQXQVCLAUDMCEF-CWLIKTDRSA-N,1855
csc:MYSWGUAQZAJSOK-UHFFFAOYSA-N,1854
csc:QMHAHUAQAJVBIW-UHFFFAOYSA-N,1539
csc:FEWPCPCEGBPTAL-UHFFFAOYSA-N,1534
csc:SXDBWCPKPHAZSM-UHFFFAOYSA-M,1532
csc:HRPVXLWXLXDGHG-UHFFFAOYSA-N,1531
csc:KPHWPUGNDIVLNH-UHFFFAOYSA-M,1530
csc:DDBMQDADIHOWIC-UHFFFAOYSA-N,1523
csc:SUSRORUBZHMPCO-UHFFFAOYSA-N,1522
csc:REEQLXCGVXDJSQ-UHFFFAOYSA-N,1519
csc:YBGZDTIWKVFICR-JLHYYAGUSA-N,1515
csc:NLZUEZXRPGMBCV-UHFFFAOYSA-N,1511
csc:MQTOSJVFKKJCRP-OHJWJPDZSA-N,1510
csc:HDHLIWCXDDZUFH-UHFFFAOYSA-N,1506
csc:WCXDHFDTOYPNIE-UHFFFAOYSA-N,1505
csc:HOKKPVIRMVDYPB-UHFFFAOYSA-N,1504
csc:BIXZHMJUSMUDOQ-UHFFFAOYSA-N,1502
csc:RQKFYFNZSHWXAW-UHFFFAOYSA-N,1501
csc:RLLPVAHGXHCWKJ-HKUYNNGSSA-N,1483
csc:LDVVMCZRFWMZSG-UHFFFAOYSA-N,1482
csc:PUYXTUJWRLOUCW-UHFFFAOYSA-N,1480
csc:SMDHCQAYESWHAE-UHFFFAOYSA-N,1477
csc:CHIFOSRWCNZCFN-UHFFFAOYSA-N,1475
csc:CRQQGFGUEAVUIL-UHFFFAOYSA-N,1474
csc:KUAZQDVKQLNFPE-UHFFFAOYSA-N,1473
csc:TVLSRXXIMLFWEO-UHFFFAOYSA-N,1472
csc:PNVNVHUZROJLTJ-UHFFFAOYSA-N,1471
csc:UOAMTSKGCBMZTC-UHFFFAOYSA-N,1464
csc:ORYGKUIDIMIRNN-UHFFFAOYSA-N,1461
csc:NLBLNZDNOSSGPW-UHFFFAOYSA-N,1460
csc:ARERIMFZYPFJAV-UHFFFAOYSA-N,1458
csc:YWTYJOPNNQFBPC-UHFFFAOYSA-N,1440
csc:NWWZPOKUUAIXIW-DHZHZOJOSA-N,1439
csc:PGOOBECODWQEAB-UHFFFAOYSA-N,1438
csc:ULGZDMOVFRHVEP-RWJQBGPGSA-N,1411
csc:AGOYDEPGAOXOCK-KCBOHYOISA-N,1410
csc:IEDVJHCEMCRBQM-UHFFFAOYSA-N,1409
csc:JLKIGFTWXXRPMT-UHFFFAOYSA-N,1408
csc:AQHHHDLHHXJYJD-UHFFFAOYSA-N,1407
csc:CMWTZPSULFXXJA-UHFFFAOYSA-N,1406
csc:IUBSYMUCCVWXPE-UHFFFAOYSA-N,1404
csc:HEFNNWSXXWATRW-UHFFFAOYSA-N,1400
csc:RTHCYVBBDHJXIQ-UHFFFAOYSA-N,1399
csc:DCOPUUMXTXDBNB-UHFFFAOYSA-N,1398
csc:FFGPTBGBLSHEPO-UHFFFAOYSA-N,1396
csc:IIBYAHWJQTYFKB-UHFFFAOYSA-N,1395
csc:METKIMKYRPQLGS-UHFFFAOYSA-N,1394
csc:LMKQNTMFZLAJDV-UHFFFAOYSA-N,1392
csc:CTSLUCNDVMMDHG-UHFFFAOYSA-N,1391
csc:AMRQXHFXNZFDCH-VIFPVBQESA-N,1390
csc:XUAWBXBYHDRROL-UHFFFAOYSA-N,1377
csc:YAHNWSSFXMVPOU-UHFFFAOYSA-N,1376
csc:UQMGJOKDKOLIDP-UHFFFAOYSA-N,1375
csc:AZXHAWRMEPZSSV-UHFFFAOYSA-N,1374
csc:YTWXDQVNPCIEOX-UHFFFAOYSA-N,1373
csc:LCXMEXLGMKFLQO-UHFFFAOYSA-N,1372
csc:SXZSFWHOSHAKMN-UHFFFAOYSA-N,1371
csc:BHWVLZJTVIYLIV-UHFFFAOYSA-N,1370
csc:WIDHRBRBACOVOY-UHFFFAOYSA-N,1369
csc:JNTHRSHGARDABO-UHFFFAOYSA-N,1349
csc:ZMYFCFLJBGAQRS-DLBZAZTESA-N,1317
csc:NDSBDLSWTGLNQA-UHFFFAOYSA-N,1311
csc:REHONNLQRWTIFF-UHFFFAOYSA-N,1254
csc:FOIBFBMSLDGNHL-UHFFFAOYSA-N,1252
csc:WCLNVRQZUKYVAI-UHFFFAOYSA-N,1251
csc:LGIRBUBHIWTVCK-UHFFFAOYSA-N,1250
csc:YCLUIPQDHHPDJJ-UHFFFAOYSA-N,1249
csc:WCYYQNSQJHPVMG-UHFFFAOYSA-N,1248
csc:FSPZPQQWDODWAU-UHFFFAOYSA-N,1247
csc:RHIROFAGUQOFLU-UHFFFAOYSA-N,1246
csc:VEZCTZWLJYWARH-UHFFFAOYSA-N,1245
csc:WDMKCPIVJOGHBF-UHFFFAOYSA-N,1244
csc:XTAHLACQOVXINQ-UHFFFAOYSA-N,1243
csc:PYUSJFJVDVSXIU-UHFFFAOYSA-N,1242
csc:JEYJJJXOFWNEHN-UHFFFAOYSA-N,1241
csc:LVYBAQIVPKCOEE-UHFFFAOYSA-N,1240
csc:OGBQILNBLMPPDP-UHFFFAOYSA-N,1239
csc:SBMIVUVRFPGOEB-UHFFFAOYSA-N,1238
csc:KSMVNVHUTQZITP-UHFFFAOYSA-N,1237
csc:PXMNMQRDXWABCY-UHFFFAOYSA-N,1234
csc:VHCNQEUWZYOAEV-UHFFFAOYSA-N,1233
csc:QNBTYORWCCMPQP-JXAWBTAJSA-N,1232
csc:JLYFCTQDENRSOL-UHFFFAOYSA-N,1231
csc:RDYMFSUJUZBWLH-UHFFFAOYSA-N,1204
csc:BYBLEWFAAKGYCD-UHFFFAOYSA-N,1189
csc:STJLVHWMYQXCPB-UHFFFAOYSA-N,1187
csc:KHNYNFUTFKJLDD-UHFFFAOYSA-N,1166
csc:LELOWRISYMNNSU-UHFFFAOYSA-N,1158
csc:RWSOTUBLDIXVET-UHFFFAOYSA-N,1156
csc:ZTMKADLOSYKWCA-UHFFFAOYSA-N,1084
csc:JHJOOSLFWRRSGU-UHFFFAOYSA-N,1078
csc:ISEUFVQQFVOBCY-UHFFFAOYSA-N,1077
csc:RQVYBGPQFYCBGX-UHFFFAOYSA-N,1076
csc:KAATUXNTWXVJKI-UHFFFAOYSA-N,1075
csc:WRPIRSINYZBGPK-UHFFFAOYSA-N,1038
csc:ZLIBICFPKPWGIZ-UHFFFAOYSA-N,1037
csc:PHNUZKMIPFFYSO-UHFFFAOYSA-N,1036
csc:WKBPZYKAUNRMKP-UHFFFAOYSA-N,1031
csc:CHNUNORXWHYHNE-UHFFFAOYSA-N,1030
csc:FOXFZRUHNHCZPX-UHFFFAOYSA-N,1026
csc:YFBPRJGDJKVWAH-UHFFFAOYSA-N,1025
csc:ZQEIXNIJLIKNTD-UHFFFAOYSA-N,1024
csc:ZCJPOPBZHLUFHF-UHFFFAOYSA-N,1022
csc:IRCMYGHHKLLGHV-UHFFFAOYSA-N,1021
csc:WYEHFWKAOXOVJD-UHFFFAOYSA-N,1020
csc:YOYAIZYFCNQIRF-UHFFFAOYSA-N,1019
csc:MMOXZBCLCQITDF-UHFFFAOYSA-N,1018
csc:HAORKNGNJCEJBX-UHFFFAOYSA-N,1017
csc:IOJUPLGTWVMSFF-UHFFFAOYSA-N,1015
csc:JHSPCUHPSIUQRB-UHFFFAOYSA-N,1014
csc:MEFQWPUMEMWTJP-UHFFFAOYSA-N,1003
csc:ZLSWBLPERHFHIS-UHFFFAOYSA-N,1002
csc:FIAXCDIQXHJNIX-UHFFFAOYSA-N,999
csc:IANUJLZYFUDJIH-UHFFFAOYSA-N,976
csc:NLYNUTMZTCLNOO-UHFFFAOYSA-N,975
csc:WFDXOXNFNRHQEC-GHRIWEEISA-N,974
csc:BMLIZLVNXIYGCK-UHFFFAOYSA-N,973
csc:JSFITYFUKSFPBZ-UHFFFAOYSA-N,972
csc:DNXHEGUUPJUMQT-CBZIJGRNSA-N,969
csc:BFPYWIDHMRZLRN-SLHNCBLASA-N,966
csc:VOXZDWNPVJITMN-ZBRFXRBCSA-N,964
csc:PTJQVJQAZSLKJO-UHFFFAOYSA-N,958
csc:GVYLCNUFSHDAAW-UHFFFAOYSA-N,957
csc:LHHGDZSESBACKH-UHFFFAOYSA-N,956
csc:VEORPZCZECFIRK-UHFFFAOYSA-N,940
csc:DEIGXXQKDWULML-UHFFFAOYSA-N,939
csc:WHHGLZMJPXIBIX-UHFFFAOYSA-N,938
csc:RZXIRSKYBISPGF-UHFFFAOYSA-N,935
csc:NSKIRYMHNFTRLR-UHFFFAOYSA-N,934
csc:DMLQSUZPTTUUDP-UHFFFAOYSA-N,932
csc:XYBSIYMGXVUVGY-UHFFFAOYSA-N,930
csc:JOOMJVFZQRQWKR-UHFFFAOYSA-N,913
csc:FSAVDKDHPDSCTO-XYOKQWHBSA-N,912
csc:FSAVDKDHPDSCTO-WQLSENKSSA-N,911
csc:IISBACLAFKSPIT-UHFFFAOYSA-N,900
csc:FAXIJTUDSBIMHY-UHFFFAOYSA-N,898
csc:KCXVZYZYPLLWCC-UHFFFAOYSA-N,885
csc:BZLVMXJERCGZMT-UHFFFAOYSA-N,878
csc:RYYVLZVUVIJVGH-UHFFFAOYSA-N,867
csc:RYHBNJHYFVUHQT-UHFFFAOYSA-N,861
csc:MWBPRDONLNQCFV-UHFFFAOYSA-N,860
csc:VTNQPKFIQCLBDU-UHFFFAOYSA-N,857
csc:PAYRUJLWNCNPSJ-UHFFFAOYSA-N,849
csc:IAYPIBMASNFSPL-UHFFFAOYSA-N,848
csc:WSFSSNUMVMOOMR-UHFFFAOYSA-N,846
csc:ISAVYTVYFVQUDY-UHFFFAOYSA-N,835
csc:IGFHQQFPSIBGKE-UHFFFAOYSA-N,828
csc:NTDQQZYCCIDJRK-UHFFFAOYSA-N,827
csc:XLNZEKHULJKQBA-UHFFFAOYSA-N,806
csc:KVGLBTYUCJYMND-UHFFFAOYSA-N,805
csc:WEBQKRLKWNIYKK-UHFFFAOYSA-N,804
csc:NQLVQOSNDJXLKG-UHFFFAOYSA-N,803
csc:YFGYUFNIOHWBOB-UHFFFAOYSA-N,802
csc:WLFDQEVORAMCIM-UHFFFAOYSA-N,801
csc:TWFZGCMQGLPBSX-UHFFFAOYSA-N,800
csc:CVXBEEMKQHEXEN-UHFFFAOYSA-N,799
csc:NFMIMWNQWAWNDW-UHFFFAOYSA-N,798
csc:CSHWQDPOILHKBI-UHFFFAOYSA-N,797
csc:TXVHTIQJNYSSKO-UHFFFAOYSA-N,796
csc:BRLQWZUYTZBJKN-UHFFFAOYSA-N,779
csc:NTBYINQTYWZXLH-UHFFFAOYSA-N,777
csc:RZKKOBGFCAHLCZ-UHFFFAOYSA-N,775
csc:CMVQZRLQEOAYSW-UHFFFAOYSA-N,774
csc:QUIMTLZDMCNYGY-UHFFFAOYSA-N,773
csc:LLYXJBROWQDVMI-UHFFFAOYSA-N,772
csc:XCSNRORTQRKCHB-UHFFFAOYSA-N,771
csc:CAHQGWAXKLQREW-UHFFFAOYSA-N,770
csc:ZUVPLKVDZNDZCM-UHFFFAOYSA-N,768
csc:XGYLSRFSXKAYCR-UHFFFAOYSA-N,767
csc:MGRVRXRGTBOSHW-UHFFFAOYSA-N,764
csc:XDDAORKBJWWYJS-UHFFFAOYSA-N,763
csc:OWZPCEFYPSAJFR-UHFFFAOYSA-N,761
csc:RMPWIIKNWPVWNG-UHFFFAOYSA-N,759
csc:CEOCDNVZRAIOQZ-UHFFFAOYSA-N,756
csc:WYKYKTKDBLFHCY-UHFFFAOYSA-N,753
csc:MFOUDYKPLGXPGO-UHFFFAOYSA-N,752
csc:XCSGPAVHZFQHGE-UHFFFAOYSA-N,751
csc:CAWXEEYDBZRFPE-UHFFFAOYSA-N,750
csc:RIZMRRKBZQXFOY-UHFFFAOYSA-N,734
csc:OBZIQQJJIKNWNO-UHFFFAOYSA-N,733
csc:GBAWQJNHVWMTLU-UHFFFAOYSA-N,730
csc:GRPRVIYRYGLIJU-UHFFFAOYSA-N,729
csc:KCXMKQUNVWSEMD-UHFFFAOYSA-N,724
csc:YCOXTKKNXUZSKD-UHFFFAOYSA-N,716
csc:KFUSEUYYWQURPO-UPHRSURJSA-N,715
csc:TUAMRELNJMMDMT-UHFFFAOYSA-N,712
csc:NXXYKOUNUYWIHA-UHFFFAOYSA-N,701
csc:NKTOLZVEWDHZMU-UHFFFAOYSA-N,700
csc:QWBBPBRQALCEIZ-UHFFFAOYSA-N,698
csc:IWDCLRJOBJJRNH-UHFFFAOYSA-N,695
csc:HOXINJBQVZWYGZ-UHFFFAOYSA-N,692
csc:WHXSMMKQMYFTQS-UHFFFAOYSA-N,689
csc:HRBKVYFZANMGRE-UHFFFAOYSA-N,687
csc:SBPBAQFWLVIOKP-UHFFFAOYSA-N,686
csc:NYQDCVLCJXRDSK-UHFFFAOYSA-N,685
csc:QHOQHJPRIBSPCY-UHFFFAOYSA-N,678
csc:MEBQXILRKZHVCX-UHFFFAOYSA-N,677
csc:FHIVAFMUCKRCQO-UHFFFAOYSA-N,676
csc:AYOHIQLKSOJJQH-UHFFFAOYSA-N,672
csc:LSKGFBJLYWXIOF-UHFFFAOYSA-N,670
csc:HFPZCAJZSCWRBC-UHFFFAOYSA-N,662
csc:QWVGKYWNOKOFNN-UHFFFAOYSA-N,658
csc:BZHJMEDXRYGGRV-UHFFFAOYSA-N,570
csc:ISWSIDIOOBJBQZ-UHFFFAOYSA-N,569
csc:OCKPCBLVNKHBMX-UHFFFAOYSA-N,551
csc:ZJMWRROPUADPEA-UHFFFAOYSA-N,549
csc:YTZKOQUCBOVLHL-UHFFFAOYSA-N,547
csc:QARVLSVVCXYDNA-UHFFFAOYSA-N,546
csc:FJBFPHVGVWTDIP-UHFFFAOYSA-N,545
csc:ZAIDIVBQUMFXEC-UHFFFAOYSA-N,544
csc:JPOXNPPZZKNXOV-UHFFFAOYSA-N,541
csc:GWHJZXXIDMPWGX-UHFFFAOYSA-N,539
csc:ODLMAHJVESYWTB-UHFFFAOYSA-N,535
csc:ZEOVXNVKXIPWMS-UHFFFAOYSA-N,534
csc:LCCNCVORNKJIRZ-UHFFFAOYSA-N,531
csc:AAEVYOVXGOFMJO-UHFFFAOYSA-N,530
csc:HCRWJJJUKUVORR-UHFFFAOYSA-N,529
csc:NLHHRLWOUZZQLW-UHFFFAOYSA-N,528
csc:IVSZLXZYQVIEFR-UHFFFAOYSA-N,526
csc:RNFNDJAIBTYOQL-UHFFFAOYSA-N,521
csc:STCOOQWBFONSKY-UHFFFAOYSA-N,520
csc:BZRUVKZGXNSXMB-UHFFFAOYSA-N,509
csc:RLBIQVVOMOPOHC-UHFFFAOYSA-N,508
csc:LLWADFLAOKUBDR-UHFFFAOYSA-N,507
csc:AJDIZQLSFPQPEY-UHFFFAOYSA-N,502
csc:PNVJTZOFSHSLTO-UHFFFAOYSA-N,500
csc:PXGOKWXKJXAPGV-UHFFFAOYSA-N,499
csc:ZUOUZKKEUPVFJK-UHFFFAOYSA-N,498
csc:ROSDSFDQCJNGOL-UHFFFAOYSA-N,497
csc:HPNMFZURTQLUMO-UHFFFAOYSA-N,496
csc:YIVXMZJTEQBPQO-UHFFFAOYSA-N,490
csc:NRXQIUSYPAHGNM-UHFFFAOYSA-N,489
csc:BXNANOICGRISHX-UHFFFAOYSA-N,486
csc:CWJSHJJYOPWUGX-UHFFFAOYSA-N,483
csc:HUWXDEQWWKGHRV-UHFFFAOYSA-N,474
csc:PAAZPARNPHGIKF-UHFFFAOYSA-N,471
csc:XTEGARKTQYYJKE-UHFFFAOYSA-M,464
csc:IWEDIXLBFLAXBO-UHFFFAOYSA-N,459
csc:UPMXNNIRAGDFEH-UHFFFAOYSA-N,457
csc:ZOMSMJKLGFBRBS-UHFFFAOYSA-N,456
csc:UFHFLCQGNIYNRP-JMRXTUGHSA-N,452
csc:HFACYLZERDEVSX-UHFFFAOYSA-N,435
csc:ZSDSQXJSNMTJDA-UHFFFAOYSA-N,417
csc:VJYFKVYYMZPMAB-UHFFFAOYSA-N,416
csc:AFCAKJKUYFLYFK-UHFFFAOYSA-N,410
csc:NFACJZMKEDPNKN-UHFFFAOYSA-N,407
csc:AMFGTOFWMRQMEM-UHFFFAOYSA-N,406
csc:PMCVMORKVPSKHZ-UHFFFAOYSA-N,404
csc:PZXOQEXFMJCDPG-UHFFFAOYSA-N,403
csc:NNKVPIKMPCQWCG-UHFFFAOYSA-N,402
csc:JXSJBGJIGXNWCI-UHFFFAOYSA-N,401
csc:ATROHALUCMTWTB-WYMLVPIESA-N,400
csc:ZNOLGFHPUIJIMJ-UHFFFAOYSA-N,399
csc:HYJSGOXICXYZGS-UHFFFAOYSA-N,398
csc:DOFZAZXDOSGAJZ-UHFFFAOYSA-N,397
csc:MCWXGJITAZMZEV-UHFFFAOYSA-N,396
csc:DGLIBALSRMUQDD-UHFFFAOYSA-N,395
csc:RQVGAIADHNPSME-UHFFFAOYSA-N,393
csc:GEPDYQSQVLXLEU-AATRIKPKSA-N,392
csc:OEBRKCOSUFCWJD-UHFFFAOYSA-N,391
csc:HEDRZPFGACZZDS-UHFFFAOYSA-N,388
csc:CYRMSUTZVYGINF-UHFFFAOYSA-N,387
csc:XSTXAVWGXDQKEL-UHFFFAOYSA-N,385
csc:DIKBFYAXUHHXCS-UHFFFAOYSA-N,384
csc:VZGDMQKNWNREIO-UHFFFAOYSA-N,383
csc:CYTYCFOTNPOANT-UHFFFAOYSA-N,382
csc:VHHHONWQHHHLTI-UHFFFAOYSA-N,381
csc:VUNCWTMEJYMOOR-UHFFFAOYSA-N,380
csc:YMWUJEATGCHHMB-UHFFFAOYSA-N,379
csc:PXBRQCKWGAHEHS-UHFFFAOYSA-N,378
csc:GATVIKZLVQHOMN-UHFFFAOYSA-N,377
csc:NEHMKBQYUWJMIP-UHFFFAOYSA-N,375
csc:WBEJYOJJBDISQU-UHFFFAOYSA-N,374
csc:MVPPADPHJFYWMZ-UHFFFAOYSA-N,373
csc:FOCAUTSVDIKZOP-UHFFFAOYSA-N,372
csc:GZUXJHMPEANEGY-UHFFFAOYSA-N,370
csc:FMWLUWPQPKEARP-UHFFFAOYSA-N,369
csc:NPDACUSDTOMAMK-UHFFFAOYSA-N,365
csc:WXNZTHHGJRFXKQ-UHFFFAOYSA-N,364
csc:CFKMVGJGLGKFKI-UHFFFAOYSA-N,363
csc:SQFLFRQWPBEDHM-UHFFFAOYSA-N,362
csc:PBGKNXWGYQPUJK-UHFFFAOYSA-N,361
csc:RHPUJHQBPORFGV-UHFFFAOYSA-N,360
csc:OSOUNOBYRMOXQQ-UHFFFAOYSA-N,359
csc:OSDWBNJEKMUWAV-UHFFFAOYSA-N,358
csc:HORNXRXVQWOLPJ-UHFFFAOYSA-N,357
csc:GBNHEBQXJVDXSW-UHFFFAOYSA-N,354
csc:IBSQPLPBRSHTTG-UHFFFAOYSA-N,353
csc:ISPYQTSUDJAMAB-UHFFFAOYSA-N,352
csc:SZIFAVKTNFCBPC-UHFFFAOYSA-N,351
csc:YACLQRRMGMJLJV-UHFFFAOYSA-N,349
csc:SWFNPENEBHAHEB-UHFFFAOYSA-N,348
csc:HOLHYSJJBXSLMV-UHFFFAOYSA-N,347
csc:HFZWRUODUSTPEG-UHFFFAOYSA-N,346
csc:LINPIYWFGCPVIE-UHFFFAOYSA-N,345
csc:LHJGJYXLEPZJPM-UHFFFAOYSA-N,344
csc:FALCMQXTWHPRIH-UHFFFAOYSA-N,343
csc:HGUFODBRKLSHSI-UHFFFAOYSA-N,341
csc:XGCHAIDDPMFRLJ-UHFFFAOYSA-N,340
csc:WWGQHTJIFOQAOC-UHFFFAOYSA-N,339
csc:HSQFVBWFPBKHEB-UHFFFAOYSA-N,337
csc:VGVRPFIJEJYOFN-UHFFFAOYSA-N,336
csc:RULKYXXCCZZKDZ-UHFFFAOYSA-N,335
csc:JTPNRXUCIXHOKM-UHFFFAOYSA-N,334
csc:CZGCEKJOLUNIFY-UHFFFAOYSA-N,333
csc:KMAQZIILEGKYQZ-UHFFFAOYSA-N,332
csc:BFCFYVKQTRLZHA-UHFFFAOYSA-N,331
csc:VYZAHLCBVHPDDF-UHFFFAOYSA-N,330
csc:OCJBOOLMMGQPQU-UHFFFAOYSA-N,328
csc:UOORRWUZONOOLO-OWOJBTEDSA-N,327
csc:YHRUOJUYPBUZOS-UHFFFAOYSA-N,325
csc:ZPQOPVIELGIULI-UHFFFAOYSA-N,324
csc:DEWLEGDTCGBNGU-UHFFFAOYSA-N,323
csc:XKEFYDZQGKAQCN-UHFFFAOYSA-N,322
csc:KNKRKFALVUDBJE-UHFFFAOYSA-N,321
csc:WSLDOOZREJYCGB-UHFFFAOYSA-N,319
csc:RFFLAFLAYFXFSW-UHFFFAOYSA-N,318
csc:PBKONEOXTCPAFI-UHFFFAOYSA-N,317
csc:JHBKHLUZVFWLAG-UHFFFAOYSA-N,316
csc:CFXQEHVMCRXUSD-UHFFFAOYSA-N,315
csc:QVLAWKAXOMEXPM-UHFFFAOYSA-N,313
csc:LGXVIGDEPROXKC-UHFFFAOYSA-N,312
csc:SCYULBFZEHDVBN-UHFFFAOYSA-N,311
csc:UBOXGVDOUJQMTN-UHFFFAOYSA-N,310
csc:QPFMBZIOSGYJDE-UHFFFAOYSA-N,309
csc:IROINLKCQGIITA-UHFFFAOYSA-N,282
csc:FZXISNSWEXTPMF-UHFFFAOYSA-N,281
csc:ODCWYMIRDDJXKW-UHFFFAOYSA-N,280
csc:WJNRPILHGGKWCK-UHFFFAOYSA-N,279
csc:LKJPSUCKSLORMF-UHFFFAOYSA-N,278
csc:DSRNRYQBBJQVCW-UHFFFAOYSA-N,277
csc:RRVIAQKBTUQODI-UHFFFAOYSA-N,276
csc:XKJMBINCVNINCA-UHFFFAOYSA-N,275
csc:PUIYMUZLKQOUOZ-UHFFFAOYSA-N,274
csc:XMTQQYYKAHVGBJ-UHFFFAOYSA-N,273
csc:IVENSCMCQBJAKW-UHFFFAOYSA-N,272
csc:DFWFIQKMSFGDCQ-UHFFFAOYSA-N,271
csc:MZZBPDKVEFVLFF-UHFFFAOYSA-N,270
csc:JXCGFZXSOMJFOA-UHFFFAOYSA-N,269
csc:MXWJVTOOROXGIU-UHFFFAOYSA-N,268
csc:OEJNXTAZZBRGDN-UHFFFAOYSA-N,267
csc:LRWHHSXTGZSMSN-UHFFFAOYSA-N,265
csc:YVGGHNCTFXOJCH-UHFFFAOYSA-N,263
csc:UCNVFOCBFJOQAL-UHFFFAOYSA-N,262
csc:AHJKRLASYNVKDZ-UHFFFAOYSA-N,261
csc:LKPLKUMXSAEKID-UHFFFAOYSA-N,260
csc:IZUPBVBPLAPZRR-UHFFFAOYSA-N,259
csc:CVUGPAFCQJIYDT-UHFFFAOYSA-N,257
csc:ZDYJWDIWLRZXDB-UHFFFAOYSA-N,256
csc:JWBOIMRXGHLCPP-UHFFFAOYSA-N,255
csc:IAKOZHOLGAGEJT-UHFFFAOYSA-N,254
csc:WNTGYJSOUMFZEP-UHFFFAOYSA-N,253
csc:WHKUVVPPKQRRBV-UHFFFAOYSA-N,252
csc:QBYJBZPUGVGKQQ-SEIHLVFNSA-N,251
csc:RWNKSTSCBHKHTB-UHFFFAOYSA-N,245
csc:CKAPSXZOOQJIBF-UHFFFAOYSA-N,244
csc:ZXFXBSWRVIQKOD-UHFFFAOYSA-N,242
csc:FRCCEHPWNOQAEU-UHFFFAOYSA-N,241
csc:DFBKLUNHFCTMDC-UHFFFAOYSA-N,239
csc:AAPVQEMYVNZIOO-UHFFFAOYSA-N,238
csc:RDYMFSUJUZBWLH-VQDHCCOSSA-N,237
csc:RDYMFSUJUZBWLH-GDSHQCHSSA-N,236
csc:DFBKLUNHFCTMDC-PICURKEMSA-N,235
csc:MZHCENGPTKEIGP-UHFFFAOYSA-N,234
csc:QBYJBZPUGVGKQQ-UHFFFAOYSA-N,232
csc:LFULEKSKNZEWOE-UHFFFAOYSA-N,231
csc:OVSKIKFHRZPJSS-UHFFFAOYSA-N,230
csc:SMYMJHWAQXWPDB-UHFFFAOYSA-N,229
csc:STEPQTYSZVCJPV-UHFFFAOYSA-N,225
csc:YXFVVABEGXRONW-UHFFFAOYSA-N,223
csc:PPBRXRYQALVLMV-UHFFFAOYSA-N,222
csc:RWGFKTVRMDUZSP-UHFFFAOYSA-N,221
csc:URLKBWYHVLBVBO-UHFFFAOYSA-N,220
csc:CTQNGGLPUBDAKN-UHFFFAOYSA-N,219
csc:LQNUZADURLCDLV-UHFFFAOYSA-N,218
csc:YNQLUTRBYVCPMQ-UHFFFAOYSA-N,213
csc:UHOVQNZJYSORNB-UHFFFAOYSA-N,212
csc:BTJIUGUIPKRLHP-UHFFFAOYSA-N,211
csc:ZXVONLUNISGICL-UHFFFAOYSA-N,210
csc:KUFFULVDNCHOFZ-UHFFFAOYSA-N,207
csc:AUHZEENZYGFFBQ-UHFFFAOYSA-N,206
csc:MQHNKCZKNAJROC-UHFFFAOYSA-N,71
csc:IPKKHRVROFYTEK-UHFFFAOYSA-N,70
csc:NIQCNGHVCWTJSM-UHFFFAOYSA-N,68
csc:MGWAVDBGNNKXQV-UHFFFAOYSA-N,66
csc:FLKPEMZONWLCSK-UHFFFAOYSA-N,63
csc:DOIRQSBPFJWKBE-UHFFFAOYSA-N,61
csc:IRIAEXORFWYRCZ-UHFFFAOYSA-N,60
csc:BJQHLKABXJIVAM-UHFFFAOYSA-N,59
csc:QSNSCYSYFYORTR-UHFFFAOYSA-N,51
csc:PNPCRKVUWYDDST-UHFFFAOYSA-N,50
csc:UQRLKWGPEVNVHT-UHFFFAOYSA-N,49
csc:SDYWXFYBZPNOFX-UHFFFAOYSA-N,48
csc:AKCRQHGQIJBRMN-UHFFFAOYSA-N,47
csc:JDMFXJULNGEPOI-UHFFFAOYSA-N,46
csc:AVYGCQXNNJPXSS-UHFFFAOYSA-N,45
csc:KQCMTOWTPBNWDB-UHFFFAOYSA-N,44
csc:BRPSAOUFIJSKOT-UHFFFAOYSA-N,43
csc:QGZKDVFQNNGYKY-UHFFFAOYSA-N,19
csc:BVKZGUZCCUSVTD-UHFFFAOYSA-L,3
csc:BVKZGUZCCUSVTD-UHFFFAOYSA-M,2
csc:WVQBLGZPHOPPFO-UHFFFAOYSA-N,1
